id,code,soc_code,description,category,title_patterns,degree_patterns,psoc_major_group,psoc_sub_major_group,psoc_minor_group,psoc_unit_group,source_reference,notes
1,1111,1111,Legislators,Government and Public Administration,"legislator,senator,congressman,councilor,barangay kagawad","political science,public administration,law",1,11,111,1111,"PSA 2022 Updates to 2012 PSOC","Sample row from template"
2,1112,1112,Senior Government Officials,Government and Public Administration,"senior government official,government director,city administrator,ambassador","public administration,law,political science",1,11,111,1112,"PSA 2022 Updates to 2012 PSOC","Sample row from template"
3,1120,1120,Managing Directors and Chief Executives,Management,"chief executive officer,ceo,managing director,corporate director,regional manager","business administration,management,entrepreneurship",1,11,112,1120,"PSA 2022 Updates to 2012 PSOC","Sample row from template"
4,1211,1211,Finance Managers,Business and Administration,"finance manager,accounting manager,budgeting manager,comptroller","accountancy,finance,business administration",1,12,121,1211,"PSA 2022 Updates to 2012 PSOC","Sample row from template"
5,1212,1212,Human Resource Managers,Business and Administration,"human resource manager,personnel manager,recruitment manager,training manager","human resource management,psychology,business administration",1,12,121,1212,"PSA 2022 Updates to 2012 PSOC","Sample row from template"
6,1221,1221,Sales and Marketing Managers,Sales and Marketing,"sales manager,marketing manager,sales director,store manager","marketing,business administration,entrepreneurship",1,12,122,1221,"PSA 2022 Updates to 2012 PSOC","Sample row from template"
7,1330,1330,Information and Communications Technology Service Managers,ICT,"it manager,information technology manager,mis manager,network manager,chief information officer","information technology,computer science,information systems",1,13,133,1330,"PSA 2022 Updates to 2012 PSOC","Sample row from template"
8,1345,1345,Education Managers,Education,"school principal,college dean,school administrator,education supervisor","education,educational management,public administration",1,13,134,1345,"PSA 2022 Updates to 2012 PSOC","Sample row from template"
9,1412,1412,Restaurant Managers,Hospitality,"restaurant manager,cafe manager,catering services manager","hospitality management,hrm,business administration",1,14,141,1412,"PSA 2022 Updates to 2012 PSOC","Sample row from template"
10,1420,1420,Retail and Wholesale Trade Managers,Retail and Trade,"retail trade manager,shop manager,supermarket manager,wholesale trade manager","business administration,marketing,entrepreneurship",1,14,142,1420,"PSA 2022 Updates to 2012 PSOC","Sample row from template"
